model,dX,dY,dZ,now,Fwall,nowp,Farea,offset,maxoffset_bed,Wanother,maxoffset_anotherW,Wair,Wair_partial,max_support,needsupport
0,330,254,508,1,1,1,71339,0,254,0,0,0,0,0,0
0,508,254,330,4,1,1,3913,0,2,3,199,0,1,0,1
0,508,254,330,4,1,1,3913,1,2,3,199,0,1,0,1
0,330,254,508,4,1,1,14000,0,51,3,403,0,0,0,1
0,330,254,508,4,1,1,14000,1,51,3,403,0,0,0,1
1,178,483,254,1,1,1,34722,0,254,0,0,0,0,0,0
1,499,287,178,2,1,1,517,0,118,1,59,0,1,84277,0
1,499,287,178,2,1,1,122580,0,59,1,103,0,0,0,0
1,178,254,483,3,1,1,14890,0,420,2,62,0,0,0,0
1,178,254,483,3,1,1,12761,0,62,2,420,0,0,0,0
2,305,483,254,1,1,1,53336,0,254,0,0,0,0,0,0
2,483,254,305,5,1,1,13645,1,230,3,74,1,1,9455,1
2,483,254,305,5,1,1,12794,1,74,3,230,1,0,5,1
2,305,254,483,5,1,1,77419,1,54,3,333,1,1,29704,1
2,305,254,483,5,1,1,8893,1,51,4,45,0,1,58503,1
3,50,96,193,1,1,1,9097,0,50,0,0,0,0,0,0
3,50,96,193,6,1,2,785,1,14,4,16,0,0,0,0
3,50,96,193,8,1,2,21,0,31,5,37,1,0,676,1
3,50,193,96,7,1,1,351,0,30,5,60,1,1,158,1
3,50,193,96,7,1,1,351,0,30,5,60,1,1,158,1
4,109,93,40,1,1,1,3928,0,40,0,0,0,0,0,0
4,109,40,93,5,1,1,664,1,18,4,48,0,1,2112,1
4,109,61,100,5,1,1,664,1,14,4,13,0,1,3106,1
4,100,61,109,5,1,1,531,1,15,4,17,0,1,2641,1
4,100,61,109,5,1,1,368,0,25,4,46,0,1,1906,1
5,30,25,48,1,1,1,565,0,48,0,0,0,0,0,0
5,49,25,29,7,1,1,143,1,5,5,18,1,1,574,1
5,49,25,29,7,1,1,61,1,6,5,18,1,1,138,1
5,30,25,48,7,1,1,70,1,5,6,19,0,2,452,1
5,30,25,48,7,1,1,586,1,5,6,14,0,2,55,1
6,330,508,254,1,1,1,70822,0,254,0,0,0,0,0,0
6,254,508,330,5,1,1,12144,1,63,2,199,1,1,13665,0
6,254,508,330,5,1,1,15022,0,67,3,199,0,1,3842,0
6,330,254,508,7,1,1,11949,0,52,3,206,1,1,3081,1
6,330,254,508,6,1,1,7730,0,60,3,218,1,1,9029,1
7,330,508,254,1,1,1,48574,0,254,0,0,0,0,0,0
7,254,508,330,3,1,1,14697,1,264,1,66,1,0,636,0
7,254,508,330,3,1,1,12877,1,66,2,264,0,0,0,1
7,254,330,508,2,1,1,17348,1,450,1,61,0,0,0,1
7,254,330,508,2,1,1,83871,1,58,1,450,0,0,0,0
8,330,533,254,1,1,1,83659,0,254,0,0,0,0,0,0
8,254,533,330,11,1,1,5334,1,63,9,203,1,2,8880,1
8,254,533,330,11,1,1,5334,1,63,9,203,1,2,8880,1
8,330,254,533,7,1,1,12522,1,55,6,199,0,1,12346,1
8,330,254,533,7,1,1,9913,1,56,6,170,0,1,8355,1
9,330,533,254,1,1,1,73025,0,254,0,0,0,0,0,1
9,533,254,330,5,1,1,6285,1,66,4,226,0,1,4991,0
9,533,254,330,5,1,1,6608,1,63,3,201,1,1,13413,1
9,328,254,531,7,1,1,7794,1,51,4,205,1,1,5627,1
9,328,254,531,6,1,1,12024,1,55,5,220,0,2,7757,1
10,20,17,10,1,1,1,108,1,10,0,0,0,0,0,0
10,20,10,17,7,1,1,11,1,25,2,0,2,2,0,1
10,20,10,17,7,1,1,11,0,25,2,0,2,2,0,1
10,17,10,20,6,1,2,25,1,6,4,2,0,1,74,1
10,17,10,20,6,1,1,20,1,3,5,2,0,1,58,1
11,330,508,254,1,1,1,90188,1,254,0,0,0,0,0,0
11,254,508,330,6,1,1,129032,1,64,5,153,0,2,0,1
11,254,508,330,6,1,1,10481,0,68,4,153,1,1,9325,1
11,330,254,508,7,1,1,42258,0,55,6,183,0,2,23194,0
11,330,254,508,7,1,1,34787,1,55,6,160,0,2,22161,0
12,14,20,10,1,1,1,90,0,10,0,0,0,0,0,0
12,10,20,14,3,1,1,29,0,3,2,12,0,0,0,0
12,10,20,14,3,1,1,2,0,12,1,3,1,1,22,1
12,14,10,20,3,1,1,24,0,3,2,14,0,1,7,0
12,14,10,20,3,1,1,10,0,3,2,14,0,1,7,0
13,15,20,10,1,1,1,129,1,10,0,0,0,0,0,0
13,20,10,15,4,1,1,198,1,1,3,9,0,1,3,1
13,20,10,15,4,1,1,31,0,3,3,9,0,1,155,0
13,15,10,20,4,1,1,55,1,2,3,16,0,1,22,0
13,15,10,20,4,1,1,55,0,2,3,16,0,1,27,0
14,10,20,10,1,1,1,101,0,10,0,0,0,0,0,0
14,20,10,10,4,1,2,22,0,8,1,3,1,1,22,0
14,20,10,10,4,1,1,198,0,3,3,8,0,0,0,1
14,10,10,20,5,1,1,103,0,2,4,6,0,2,78,1
14,10,10,20,5,1,1,103,0,2,4,7,0,2,78,1
15,100,120,100,1,1,1,6125,0,100,0,0,0,0,0,0
15,100,120,100,3,1,1,2500,0,75,1,25,1,1,2500,0
15,100,120,100,3,1,1,12000,0,25,2,75,0,0,0,1
15,100,100,120,4,1,1,2500,0,50,3,25,0,2,7500,1
15,100,100,120,4,1,1,10000,0,25,3,20,0,1,5000,1
16,381,508,254,1,1,1,75961,0,254,0,0,0,0,0,0
16,254,508,381,5,1,1,19187,0,65,3,295,1,1,14168,0
16,254,508,381,5,1,1,61735,0,63,4,253,0,0,0,1
16,381,254,508,5,1,1,8601,1,64,4,359,0,2,25168,1
16,381,254,508,5,1,1,15514,0,56,3,359,1,1,41064,1
17,356,508,254,1,1,1,77982,1,254,0,0,0,0,0,0
17,254,508,356,3,1,1,129032,1,64,2,228,0,1,60090,1
17,254,508,356,3,1,1,129032,0,64,2,228,0,1,60090,1
17,356,254,508,5,1,2,16168,0,237,3,66,0,1,57864,1
17,356,254,508,5,1,2,16168,0,237,3,66,0,1,57864,1
18,178,508,254,1,1,1,41512,0,254,0,0,0,0,0,0
18,254,508,178,5,1,2,9103,0,57,3,62,0,1,103929,0
18,254,508,178,5,1,2,9103,0,57,3,62,0,1,103929,0
18,178,254,508,3,1,1,45161,0,49,2,409,0,1,15129,0
18,178,254,508,3,1,1,45161,1,49,2,409,0,1,15129,0
19,203,635,254,1,1,1,48168,1,254,0,0,0,0,0,0
19,254,635,203,2,1,1,13871,1,68,1,135,0,0,0,0
19,254,635,203,2,1,1,125716,0,135,1,68,0,1,127387,0
19,203,254,635,2,1,1,5270,1,63,1,572,0,0,0,0
19,203,254,635,2,1,1,17297,0,572,2,63,0,1,353,1
20,356,508,254,1,1,1,73893,1,254,0,0,0,0,0,0
20,508,254,356,5,1,1,37,1,194,3,44,1,1,30,1
20,508,254,356,5,1,1,129032,0,67,4,50,0,2,74105,1
20,356,254,508,7,1,2,17013,1,203,5,39,0,0,0,0
20,356,254,508,7,1,2,17013,1,254,5,12,0,0,0,0
21,254,508,254,1,1,1,42525,0,254,0,0,0,0,0,0
21,254,508,254,2,1,1,129032,1,62,1,192,0,0,0,0
21,254,508,254,2,1,1,14439,0,192,1,62,0,1,114593,0
21,254,254,508,2,1,1,64516,0,57,1,451,0,0,0,0
21,254,254,508,2,1,1,15813,0,451,1,57,0,1,0,1
22,483,508,254,1,1,1,119934,0,254,0,0,0,0,0,0
22,254,508,483,5,1,1,129032,0,65,4,154,0,3,108488,0
22,254,508,483,5,1,1,129032,0,65,4,154,0,3,108488,0
22,483,254,508,7,1,3,46600,0,445,4,64,0,0,0,0
22,483,254,508,7,1,2,50129,0,64,5,445,0,0,0,0
23,381,508,254,1,1,1,94716,0,254,0,0,0,0,0,0
23,508,254,381,3,1,1,129032,0,65,2,251,0,1,106833,0
23,508,254,381,3,1,1,129032,0,65,2,251,0,1,106833,0
23,381,254,508,5,1,2,36471,0,420,3,420,0,0,0,0
23,381,254,508,5,1,2,36471,0,420,3,420,0,0,0,0
24,432,508,254,1,1,1,81719,1,254,0,0,0,0,0,0
24,254,508,432,4,1,1,18871,1,66,3,298,0,0,0,1
24,254,508,432,4,1,1,18816,0,67,3,298,0,0,0,1
24,432,254,508,4,1,1,17558,1,54,3,397,0,0,0,1
24,432,254,508,4,1,1,17599,1,55,3,397,0,0,0,1
25,305,508,254,1,1,1,67036,1,254,0,0,0,0,0,0
25,254,508,305,4,1,1,129032,1,65,3,171,0,0,0,1
25,254,508,305,4,1,1,11099,0,68,3,171,0,1,50858,1
25,305,254,508,5,1,1,16419,0,198,4,55,0,1,13948,1
25,305,254,508,5,1,1,31929,1,55,4,200,0,1,11213,1
26,432,660,254,1,1,1,94138,0,254,0,0,0,0,0,0
26,254,660,432,7,1,1,19452,1,67,6,298,0,0,0,1
26,254,660,432,7,1,1,17308,0,67,5,298,1,0,5,1
26,432,254,660,5,1,1,53,1,138,4,55,0,0,0,1
26,432,254,660,5,1,1,17600,1,56,4,409,0,0,0,1
27,55,102,50,1,1,1,3629,0,50,0,0,0,0,0,0
27,50,102,55,6,1,1,4773,1,15,5,22,0,0,0,1
27,50,102,55,7,1,1,1,0,23,5,17,1,1,719,1
27,55,50,102,7,1,2,1752,0,31,6,5,0,0,0,1
27,55,50,102,7,1,1,719,1,16,6,36,0,0,0,1
28,305,508,254,1,1,1,60555,1,254,0,0,0,0,0,0
28,254,508,305,5,1,1,15310,1,239,3,68,1,1,9383,1
28,254,508,305,5,1,1,10063,1,65,3,239,1,1,7,1
28,305,254,508,7,1,1,13091,1,53,5,128,1,1,75,1
28,305,254,508,7,1,1,12467,1,55,5,123,1,1,58,1
29,356,508,254,1,1,1,49583,1,254,0,0,0,0,0,0
29,254,508,356,3,1,1,14568,1,145,2,65,0,1,114464,1
29,254,508,356,3,1,1,14568,1,145,2,65,0,1,114464,1
29,356,254,508,2,1,1,16452,1,451,1,57,0,1,73871,1
29,356,254,508,2,1,1,90322,1,57,1,451,0,0,0,0
30,381,508,254,1,1,1,74341,1,254,0,0,0,0,0,0
30,254,508,381,3,1,1,82516,1,67,2,247,0,1,82645,1
30,254,508,381,3,1,1,81877,1,67,2,274,0,1,82774,1
30,381,254,508,3,1,1,15399,1,55,2,452,0,0,0,0
30,381,254,508,3,1,2,17071,1,452,1,55,0,1,80,1
31,406,508,254,1,1,1,63165,1,254,0,0,0,0,0,0
31,254,508,406,3,1,1,75,1,65,2,171,0,0,0,1
31,254,508,406,3,1,1,75,1,65,2,171,0,0,0,1
31,406,254,508,3,1,1,16613,1,70,2,438,0,0,0,0
31,406,254,508,3,1,2,17664,1,438,1,70,0,1,52,0
32,610,508,254,1,1,1,113848,1,254,0,0,0,0,0,0
32,254,508,610,4,1,1,102,1,159,3,145,0,0,0,0
32,254,508,610,4,1,1,87,1,168,3,138,0,0,0,0
32,610,254,508,7,1,2,16374,1,70,5,438,0,0,0,0
32,610,254,508,7,1,3,17406,1,438,4,70,0,0,0,0
33,381,508,254,1,1,1,63238,1,254,0,0,0,0,0,0
33,254,381,508,5,1,2,42,1,155,3,72,0,0,0,1
33,254,381,508,5,1,2,44,1,154,3,72,0,0,0,1
33,381,254,508,5,1,2,16168,1,220,3,93,0,0,0,0
33,381,254,508,5,1,2,16426,1,195,3,93,0,0,0,0
34,381,508,254,1,1,1,51885,1,254,0,0,0,0,0,0
34,254,508,381,3,1,1,5,1,158,2,66,0,1,49297,1
34,254,508,381,3,1,1,5,1,157,2,66,0,1,50206,1
34,381,254,508,4,1,1,16677,1,198,3,53,0,0,0,1
34,381,254,508,4,1,2,18006,1,257,2,53,0,0,0,0
35,330,508,254,1,1,1,63975,1,254,0,0,0,0,0,0
35,254,508,330,5,1,1,14439,1,257,3,73,1,0,12748,1
35,254,508,330,5,1,1,12619,1,73,3,257,1,0,12619,1
35,330,254,508,3,1,1,83871,1,57,2,394,0,1,61484,1
35,330,254,508,3,1,1,80180,1,57,2,394,0,1,61484,1
36,279,381,254,1,1,1,55349,1,254,0,0,0,0,0,0
36,254,381,279,5,1,1,63806,1,62,4,181,0,0,0,1
36,254,381,279,5,1,1,13249,1,62,3,155,1,0,7,1
36,279,254,381,9,1,1,7245,1,80,6,137,2,1,11368,1
36,279,254,381,9,1,1,11197,1,50,8,101,0,0,0,1
37,305,533,254,1,1,1,69235,1,254,0,0,0,0,0,0
37,254,533,305,4,1,1,133709,1,61,3,181,0,1,92,1
37,254,533,305,4,1,1,15482,1,62,3,181,0,1,32316,1
37,305,254,533,8,1,1,8420,1,51,6,283,1,1,11258,1
37,305,254,533,8,1,1,15381,1,204,6,276,1,1,8479,1
38,254,381,254,1,1,1,37198,1,254,0,0,0,0,0,0
38,254,381,254,3,1,1,16550,1,61,2,186,0,0,0,1
38,254,381,254,3,1,1,83,1,192,1,61,1,0,13664,1
38,254,254,381,5,1,1,10313,1,52,3,275,1,0,69,1
38,254,254,381,5,1,1,9973,1,53,3,275,1,0,60,1
39,305,533,254,1,1,1,69417,1,254,0,0,0,0,0,0
39,254,533,305,4,1,1,133709,1,61,3,181,0,1,92,1
39,254,533,305,4,1,1,15481,1,62,3,181,0,1,37516,1
39,305,254,533,8,1,1,8407,1,50,6,283,1,1,12510,1
39,305,254,533,6,1,1,15510,1,203,6,274,1,1,8357,1
40,305,381,254,1,1,1,57030,1,254,0,0,0,0,0,0
40,254,381,305,5,1,1,9652,1,65,3,173,1,1,13787,1
40,254,381,305,5,1,1,14834,1,66,4,221,0,1,3664,1
40,305,254,381,7,1,1,9184,1,52,6,125,0,1,60922,1
40,305,254,381,7,1,1,11365,1,50,5,102,1,1,6,1
41,254,533,254,1,1,1,44514,1,254,0,0,0,0,0,0
41,254,533,254,4,1,1,6116,1,68,3,64,0,1,83613,1
41,254,533,254,4,1,1,8,1,122,2,64,1,0,11342,1
41,254,254,533,5,1,1,16194,1,329,3,45,1,1,8,1
41,254,254,533,5,1,1,7921,1,51,4,108,0,1,21987,1
42,330,559,254,1,1,1,82596,1,254,0,0,0,0,0,0
42,254,559,330,15,1,1,7348,1,57,12,210,2,2,8021,1
42,254,559,330,15,1,1,10006,1,66,12,39,2,2,8506,1
42,330,254,559,9,1,1,11224,1,45,8,129,0,4,15090,1
42,330,254,559,9,1,1,7426,1,45,8,163,0,3,10294,1
43,305,533,254,1,1,1,66115,1,254,0,0,0,0,0,0
43,254,533,305,3,1,1,135484,1,64,2,177,0,1,61516,1
43,254,533,305,3,1,1,62413,1,64,2,177,0,1,89768,1
43,305,254,533,4,1,2,16168,1,326,2,208,0,1,10672,1
43,305,254,533,4,1,1,16168,1,208,2,326,1,0,15706,1
44,76,508,254,2,1,2,28837,1,254,0,0,0,0,0,0
44,254,508,76,2,1,2,100193,1,76,0,0,0,0,0,0
44,254,508,76,2,1,2,100193,1,76,0,0,0,0,0,0
44,76,254,508,2,1,1,16535,1,370,0,76,1,0,5193,1
44,76,254,508,2,1,1,5193,1,76,0,370,1,0,16535,1
45,152,686,254,2,1,2,41699,1,254,0,0,0,0,0,0
45,254,686,152,3,1,2,114132,1,63,1,84,0,0,0,1
45,254,686,152,3,1,1,12839,1,84,1,63,1,0,6332,1
45,152,254,686,4,1,1,6833,1,52,2,493,1,0,5022,0
45,152,254,686,4,1,1,5041,1,77,1,493,1,1,15981,1
46,279,533,254,1,1,1,59103,1,254,0,0,0,0,0,0
46,254,533,279,5,1,1,135484,1,61,4,37,0,0,0,1
46,254,533,279,5,1,1,4,1,143,3,39,1,0,4,1
46,279,254,533,5,1,2,33226,1,172,3,22,0,0,0,1
46,279,254,533,5,1,1,15419,1,339,3,22,1,0,17929,1
47,229,533,254,1,1,1,66029,1,254,0,0,0,0,0,0
47,254,533,229,4,1,1,9503,1,60,3,109,0,1,114426,0
47,254,533,229,4,1,2,18877,1,59,2,109,0,1,94135,0
47,229,254,533,3,1,1,58064,1,37,2,459,0,1,2103,0
47,229,254,533,3,1,1,42826,1,37,2,459,0,1,4335,0
48,508,381,254,1,1,1,83982.48,1,254,0,0,0,0,0,0
48,254,381,508,5,1,1,62045.04,1,62,4,161.49,0,2,52341.83,1
48,254,381,508,5,1,1,95115.94,1,61.49,4,161.52,0,2,61154.72,1
48,508,254,381,9,1,3,46986.96,1,329.23,6,50.74,0,2,9707.96,1
48,508,254,381,9,1,2,26727.53,1,50.74,6,329.23,1,0,12703.26,1
49,304.8,381,254,1,1,1,55506.66,1,254,0,0,0,0,0,0
49,254,381,304.8,3,1,1,62045.04,1,64.16,2,176.99,0,1,49154.74,1
49,254,381,304.8,3,1,1,95115.94,1,63.65,2,176.99,0,1,61154.72,1
49,304.8,254,381,5,1,2,16167.71,1,329.29,3,50.76,0,1,10671.74,1
49,304.8,254,381,5,1,1,15705.7,1,50.76,3,329.29,1,0,13141.88,1
50,330.2,381,254,1,1,1,55416.55,1,254,0,0,0,0,0,0
50,254,381,330.2,4,1,1,14904.84,1,64.56,3,200.23,0,1,84.12,1
50,254,381,330.2,4,1,1,14904.84,1,64.08,3,200.23,0,1,84.12,1
50,330.2,254,381,4,1,1,12161.92,1,49.66,3,279.81,0,1,42.94,1
50,330.2,254,381,4,1,1,12163.43,1,50.13,3,279.81,0,1,42.39,1
51,304.8,558.8,254,1,1,1,71757.81,1,254,0,0,0,0,0,0
51,254,558.8,304.8,4,1,1,15881.55,1,62.45,3,181.23,0,1,41335.4,1
51,254,558.8,304.8,4,1,1,140244.9,1,60.55,3,181.23,0,1,22258.14,1
51,304.8,254,558.8,8,1,1,15380.61,1,218.53,6,281.93,1,1,6310.94,1
51,304.8,254,558.8,8,1,1,11550.38,1,52.23,6,290.13,1,1,12509.65,1
52,304.8,558.8,254,1,1,1,71852.27,1,254,0,0,0,0,0,0
52,254,558.8,304.8,4,1,1,140244.9,1,61.06,3,181.21,0,1,22329,1
52,254,558.8,304.8,4,1,1,15880.63,1,61.98,3,181.21,0,1,41335.4,1
52,304.8,254,558.8,8,1,1,15509.64,1,221.56,6,278.9,1,1,8407.94,1
52,304.8,254,558.8,8,1,1,11428.01,1,52.22,6,290.12,1,1,12509.65,1
53,207.26,457.2,254,1,1,1,37190.97,1,254,0,0,0,0,0,0
53,254,457.2,207.26,2,1,1,206.69,1,144.68,1,62.48,0,1,61432.13,1
53,254,457.2,207.26,2,1,1,114135.3,1,62.48,1,144.68,0,0,0,1
53,207.26,254,457.2,3,1,1,15870.94,1,366.73,2,90.41,0,1,8222.43,1
53,207.26,254,457.2,3,1,1,5687.51,1,90.41,1,366.73,1,0,12903.22,1
54,254,381,254,1,1,1,44102.11,1,254,0,0,0,0,0,0
54,254,381,254,5,1,1,7996.13,1,62.12,3,191.39,1,1,6.98,1
54,254,381,254,5,1,1,7465.36,1,61.66,3,170.67,1,1,14167.71,1
54,254,254,381,5,1,1,11412.25,1,49.99,3,279.83,1,1,71.04,1
54,254,254,381,5,1,1,10310.48,1,50.45,3,279.83,1,0,71.04,1
55,228.6,482.6,254,1,1,1,41980.46,1,254,0,0,0,0,0,0
55,254,482.6,228.6,4,1,1,12399.98,1,105.08,2,66.65,1,1,11741.93,1
55,254,482.6,228.6,4,1,1,6993.55,1,56.87,3,66.38,0,1,57399.89,1
55,228.6,254,482.6,5,1,1,6889.95,1,52.75,4,295.08,0,1,40309.62,1
55,228.6,254,482.6,5,1,1,9774.17,1,88.32,3,46.22,1,0,9.72,1
56,304.8,381,254,1,1,1,55588.71,1,254,0,0,0,0,0,0
56,254,381,304.8,3,1,1,94986.91,1,64.16,2,176.99,0,1,61328.91,1
56,254,381,304.8,3,1,1,62096.64,1,63.65,2,176.99,0,1,49470.86,1
56,304.8,254,381,5,1,1,12784.42,1,50.9,3,329.79,1,0,13141.91,1
56,304.8,254,381,5,1,2,16167.71,1,329.79,3,50.9,0,1,10612.95,1
57,330.2,381,254.01,1,1,1,44347.33,1,254.01,0,0,0,0,0,0
57,254.01,381,330.2,3,1,1,7.67,1,163.85,2,2.48,0,0,0,1
57,254.01,381,330.2,3,1,1,7.67,1,163.85,2,2.48,0,0,0,1
57,330.2,254.01,381,3,1,1,19677.37,1,41.94,2,339.06,0,0,0,1
57,330.2,254.01,381,3,1,2,16019.34,1,339.06,1,41.94,0,1,632.26,1
58,508,381,254.01,1,1,1,80810,1,254.01,0,0,0,0,0,0
58,254.01,381,508,7,1,1,9.96,1,132.91,6,2,0,0,0,1
58,254.01,381,508,7,1,1,9.96,1,132.91,6,2,0,0,0,1
58,508,254.01,381,7,1,2,18283.83,1,48.95,5,332.41,0,0,0,1
58,508,254.01,381,7,1,3,16625.77,1,332.41,4,48.95,0,2,509.67,1
59,330.2,381,254,1,1,1,48868.61,1,254,0,0,0,0,0,0
59,254,381,330.2,5,1,2,3.85,1,128.79,3,71.58,0,0,0,1
59,254,381,330.2,5,1,2,3.85,1,128.79,3,71.58,0,0,0,1
59,330.2,254,381,5,1,2,18174.16,1,150.88,3,87.45,0,0,0,0
59,330.2,254,381,5,1,2,18309.64,1,142.67,3,87.45,0,0,0,0
60,330.2,558.8,254.02,1,1,1,57152.3,1,254.02,0,0,0,0,0,0
60,254.02,558.8,330.2,4,1,1,7.04,1,140.3,2,28.27,1,0,13019.31,1
60,254.02,558.8,330.2,4,1,1,7.57,1,161.61,3,28.27,0,0,0,1
60,330.2,254.02,558.8,6,1,1,5380.7,1,52.97,5,116.54,0,0,0,1
60,330.2,254.02,558.8,6,1,2,16116.1,1,332.49,5,56.43,1,0,12.39,1
61,254,381,254,1,1,1,41217.58,1,254,0,0,0,0,0,0
61,254,381,254,5,1,1,10393.53,1,67.56,3,186.44,1,0,11561.26,1
61,254,381,254,5,1,1,11432.23,1,186.44,3,67.56,1,0,12341.91,1
61,254,254,381,3,1,1,64515.99,1,45.01,2,290.47,0,1,43870.9,1
61,254,254,381,3,1,1,60128.93,1,45.52,2,290.47,0,1,47354.76,1
62,20,99.81,100,2,1,2,1333.34,0,100,0,0,0,0,0,0
62,99.81,100,20,2,1,2,155,0,20,0,0,1,0,87.63,0
62,99.81,100,20,2,1,2,155.32,0,20,0,0,1,0,87.63,0
62,20,100,99.81,2,1,1,333.78,0,14.62,0,0,1,0,1000,0
62,20,100,99.81,2,1,1,2000,0,77.5,0,0,1,0,333.78,0
`,99.9,99.79,50,1,1,1,4084.69,1,50,0,0,0,0,0,0
63,50,99.79,99.9,9,1,1,117,1,10.07,7,79.74,1,3,12.54,1
63,50,99.79,99.9,9,1,1,212.44,1,9.89,7,79.74,1,2,309.9,1
63,99.9,50,99.79,14,1,1,441.82,1,9.85,11,79.71,2,2,309.9,1
63,99.9,50,99.79,14,1,1,441.82,1,9.94,11,79.71,3,3,400.56,1
64,100,100,100,1,1,1,6400,1,100,0,0,0,0,0,0
64,100,100,100,8,1,2,2000,1,20,6,20,0,2,6000,1
64,100,100,100,8,1,2,2000,1,20,6,20,0,2,6000,1
64,100,100,100,8,1,2,2000,1,20,6,20,0,2,6000,1
64,100,100,100,8,1,2,2000,1,20,6,20,0,2,6000,1
65,100,240,100,1,1,1,11261.49,1,100,0,0,0,0,0,0
65,100,240,100,9,1,2,2532.71,1,39.63,7,20,0,0,0,1
65,100,240,100,9,1,2,2532.72,1,39.63,7,20,0,0,0,1
65,100,100,240,11,1,1,2000,1,16.01,9,20.72,1,0,2000,1
65,100,100,240,11,1,1,2000,1,16.01,9,20.72,1,0,2000,1
66,81.65,81.99,100,1,1,1,2998.71,1,100,0,0,0,0,0,0
66,100,81.99,81.65,9,1,1,14.32,1,81.65,6,15.98,2,0,938.61,1
66,100,81.99,81.65,9,1,1,14.32,1,81.65,6,15.98,2,0,938.61,1
66,81.65,100,81.99,9,1,2,3378.07,1,81.99,6,6.94,1,0,938.61,1
66,81.65,100,81.99,9,1,2,3378.07,1,81.99,6,6.94,1,0,938.61,1
67,150,129.9,100,1,1,1,4503.33,1,100,0,0,0,0,0,0
67,129.9,100,150,2,1,1,17.32,1,74.9,1,75,0,0,0,1
67,129.9,100,150,2,1,1,17.32,1,74.9,1,75,0,0,0,1
67,150,100,129.9,3,1,2,2000,1,95.25,1,34.63,0,0,0,0
67,150,100,129.9,3,1,1,1.15,1,34.63,2,95.25,0,0,0,1
68,159.87,273.99,100,1,1,1,14626.56,1,100,0,0,0,0,0,0
68,273.99,100,159.87,13,1,1,1003.6,1,14.94,10,24,2,0,2.45,1
68,273.99,100,159.87,13,1,1,1083.63,1,19.98,11,100.57,1,0,1723.68,1
68,159.87,100,273.99,11,1,1,2167.27,1,17.32,9,2.4,1,0,2.45,1
68,159.87,100,273.99,11,1,1,1723.68,1,19.64,9,77.19,1,0,2000,1
69,111.41,117.14,100,1,1,1,5010.65,1,100,0,0,0,0,0,0
69,111.41,100,117.14,5,1,1,36.37,1,35.63,3,45.68,1,0,28.94,0
69,111.41,100,117.14,5,1,1,36.37,1,35.63,3,45.68,1,0,28.94,0
69,117.14,100,111.41,4,1,2,2.46,1,26.53,2,43.44,0,0,0,0
69,117.14,100,111.41,4,1,1,976.07,1,41.42,3,43.44,0,0,0,0
70,29.8,80,100,1,1,1,897.1,1,100,0,0,0,0,0,0
70,80,100,29.8,3,1,1,971.9,1,9.98,2,19.73,0,0,0,0
70,80,100,29.8,3,1,2,8.91,1,19.73,1,9.98,0,1,842,0
70,29.8,100,80,1,1,1,1472.14,1,80,0,0,0,0,0,0
70,29.8,100,80,1,1,1,1472.14,1,80,0,0,0,0,0,0
71,29.8,80,100,1,1,1,897.1,1,100,0,0,0,0,0,0
71,80,100,29.8,3,1,1,971.9,1,9.98,2,19.73,0,0,0,0
71,80,100,29.8,3,1,2,8.91,1,19.73,1,9.98,0,1,842,0
71,29.8,100,80,1,1,1,1472.14,1,80,0,0,0,0,0,0
71,29.8,100,80,1,1,1,1472.14,1,80,0,0,0,0,0,0
72,67.33,240.22,100,1,1,1,5073.88,1,100,0,0,0,0,0,0
72,240.22,100,67.33,3,1,1,18.12,1,27.71,2,39.42,0,0,0,0
72,240.22,100,67.33,3,1,2,32.47,1,39.42,1,27.71,0,0,0,0
72,67.33,100,240.22,2,1,1,2781.56,1,120.11,1,120.11,0,0,0,0
72,67.33,100,240.22,2,1,1,2781.56,1,120.11,1,120.11,0,0,0,0
73,67.33,240.22,100,1,1,1,5073.88,1,100,0,0,0,0,0,0
73,240.22,100,67.33,3,1,2,32.47,1,39.42,1,27.71,0,0,0,0
73,240.22,100,67.33,3,1,1,18.12,1,27.71,2,39.42,0,0,0,0
73,67.33,100,240.22,2,1,1,2781.56,1,120.11,1,120.11,0,0,0,0
73,67.33,100,240.22,2,1,1,2781.56,1,120.11,1,120.11,0,0,0,0
74,20,100,100,1,1,1,800,1,100,0,0,0,0,0,0
74,100,100,20,3,1,1,10000,1,5,2,15,0,0,0,1
74,100,100,20,3,1,2,1000,1,15,1,5,0,1,8000,1
74,20,100,100,3,1,1,2000,1,10,2,80,0,1,1500,1
74,20,100,100,3,1,1,2000,1,10,2,80,0,1,1500,1
75,20,100,100,1,1,1,800,1,100,0,0,0,0,0,0
75,100,100,20,3,1,1,10000,1,5,2,15,0,0,0,1
75,100,100,20,3,1,2,1000,1,15,1,5,0,1,8000,1
75,20,100,100,3,1,1,2000,1,10,2,80,0,1,1500,1
75,20,100,100,3,1,1,2000,1,10,2,80,0,1,1500,1
76,20,100,100,1,1,1,2000,1,100,0,0,0,0,0,0
76,100,100,20,1,1,1,10000,1,20,0,0,0,0,0,0
76,100,100,20,1,1,1,10000,1,20,0,0,0,0,0,0
76,20,100,100,1,1,1,2000,1,100,0,0,0,0,0,0
76,20,100,100,1,1,1,2000,1,100,0,0,0,0,0,0
77,50,129.64,100,2,1,2,3888.88,1,100,0,0,0,0,0,0
77,129.64,100,50,2,1,2,1205.37,1,50,0,0,0,0,0,0
77,129.64,100,50,2,1,2,1205.37,1,50,0,0,0,0,0,0
77,50,100,129.64,2,1,1,602.68,1,49.64,0,0,1,0,602.68,1
77,50,100,129.64,2,1,1,602.68,1,49.64,0,0,1,0,602.68,1
78,53.87,124.06,100,2,1,2,4355.16,1,100,0,0,0,0,0,0
78,124.06,100,53.87,2,1,2,602.68,1,53.3,0,0,0,0,0,0
78,124.06,100,53.87,2,1,2,602.68,1,53.3,0,0,0,0,0,0
78,53.87,100,124.06,2,1,1,684.14,1,63.98,0,0,1,0,602.68,1
78,53.87,100,124.06,2,1,1,602.68,1,49.64,0,0,1,0,684.14,1
79,39.85,106.6,100,1,1,1,2175.66,1,100,0,0,0,0,0,0
79,39.85,100,106.6,1,1,1,26.11,1,106.6,0,0,0,0,0,0
79,39.85,100,106.6,1,1,1,26.11,1,106.6,0,0,0,0,0,0
79,106.6,100,39.85,4,1,1,694.17,1,19.81,2,19.8,1,0,35.98,1
79,106.6,100,39.85,4,1,1,694.17,1,19.81,2,19.8,1,0,35.98,1
80,129.9,150,100,1,1,1,4503.33,1,100,0,0,0,0,0,0
80,150,100,129.9,3,1,2,2000,1,95.25,1,34.63,0,0,0,1
80,150,100,129.9,3,1,1,1.15,1,34.63,2,95.25,0,0,0,1
80,129.9,100,150,2,1,1,17.32,1,74.9,1,75,0,0,0,0
80,129.9,100,150,2,1,1,17.32,1,74.9,1,75,0,0,0,1
81,129.9,150,100,1,1,1,4503.33,1,100,0,0,0,0,0,0
81,150,100,129.9,3,1,2,2000,1,95.25,1,34.63,0,0,0,1
81,150,100,129.9,3,1,1,1.15,1,34.63,2,95.25,0,0,0,1
81,129.9,100,150,2,1,1,17.32,1,74.9,1,75,0,0,0,1
81,129.9,100,150,2,1,1,17.32,1,74.9,1,75,0,0,0,1
82,111.95,181.84,100,1,1,1,5092.35,1,100,0,0,0,0,0,0
82,181.84,100,111.95,4,1,1,20.24,1,91.72,1,19.74,2,0,938.61,1
82,181.84,100,111.95,4,1,1,1947.38,1,19.74,2,91.72,1,0,938.61,1
82,111.95,100,181.92,4,1,1,938.61,1,29.27,0,0,1,1,2000,1
82,111.95,100,181.92,4,1,1,1947.38,1,20.01,1,106.88,1,0,938.61,1
83,48.65,75.18,100,1,1,1,1600,1,100,0,0,0,0,0,0
83,75.18,100,48.65,1,1,1,27.48,1,48.65,0,0,0,0,0,0
83,75.18,100,48.65,1,1,1,27.48,1,48.65,0,0,0,0,0,0
83,48.65,100,75.18,1,1,1,2128.35,1,75.18,0,0,0,0,0,0
83,48.65,100,75.18,1,1,1,2128.35,1,75.18,0,0,0,0,0,0
84,48.65,75.18,100,1,1,1,1600,1,100,0,0,0,0,0,0
84,75.18,100,48.65,1,1,1,27.48,1,48.65,0,0,0,0,0,0
84,75.18,100,48.65,1,1,1,27.48,1,48.65,0,0,0,0,0,0
84,48.65,100,75.18,1,1,1,2128.35,1,75.18,0,0,0,0,0,0
84,48.65,100,75.18,1,1,1,2128.35,1,75.18,0,0,0,0,0,0
85,100,30,100,1,1,1,3000,1,100,0,0,0,0,0,0
85,30,100,100,1,1,1,3000,1,100,0,0,0,0,0,0
85,30,100,100,1,1,1,3000,1,100,0,0,0,0,0,0
85,100,30,100,1,1,1,10000,1,100,0,0,0,0,0,0
85,100,30,100,1,1,1,10000,1,100,0,0,0,0,0,0
86,100,100,100,1,1,1,6400,1,100,0,0,0,0,0,0
86,100,100,100,3,1,1,4000,1,30,2,40,0,1,6000,1
86,100,100,100,3,1,1,4000,1,30,2,40,0,1,6000,1
86,100,100,100,3,1,1,4000,1,30,2,40,0,1,6000,1
86,100,100,100,3,1,1,4000,1,30,2,40,0,1,6000,1
87,80,100,100,1,1,1,4000,1,100,0,0,0,0,0,0
87,80,100,100,2,1,1,20,1,40,1,60,0,0,0,1
87,80,100,100,2,1,1,4000,1,60,1,40,0,1,2000,1
87,100,100,80,3,1,1,10,1,20,2,40,0,1,6000,1
87,100,100,80,3,1,1,10,1,20,2,40,0,1,6000,1
88,100,100,100,1,1,1,10000,1,100,0,0,0,0,0,0
88,100,100,100,1,1,1,10000,1,100,0,0,0,0,0,1
88,100,100,100,1,1,1,10000,1,100,0,0,0,0,0,1
88,100,100,100,1,1,1,10000,1,100,0,0,0,0,0,1
88,100,100,100,1,1,1,10000,1,100,0,0,0,0,0,1
89,100,100,100,1,1,1,1743.11,1,100,0,0,0,0,0,0
89,100,100,100,1,1,1,1743.11,1,100,0,0,0,0,0,1
89,100,100,100,1,1,1,1743.11,1,100,0,0,0,0,0,1
89,100,100,100,1,1,1,7814.17,1,100,0,0,0,0,0,1
89,100,100,100,1,1,1,7814.17,1,100,0,0,0,0,0,1
90,50,130,100,1,1,1,2850,1,100,0,0,0,0,0,0
90,130,100,100,5,1,2,10,1,15,3,20,0,1,8000,1
90,130,100,100,5,1,2,10,1,15,3,20,0,1,8000,1
90,50,100,130,3,1,1,20,1,25,2,80,0,1,3000,1
90,50,100,130,3,1,1,20,1,25,2,80,0,1,3000,1
91,30,30,50,1,1,1,275,1,50,0,0,0,0,0,0
91,30,50,30,6,1,1,10,1,12.5,3,5,2,2,5,1
91,30,50,30,6,1,1,10,1,12.5,3,5,2,2,5,1
91,30,50,30,6,1,1,10,1,12.5,3,5,2,2,5,1
91,30,50,30,6,1,1,10,1,12.5,3,5,2,2,5,1
92,125,50,100,1,1,1,5625.002,1,100,0,0,0,0,0,0
92,50,100,125,1,1,1,20,1,125,0,0,0,0,0,1
92,50,100,125,1,1,1,5000,1,125,0,0,0,0,0,1
92,125,100,50,1,1,1,10000,1,50,0,0,0,0,0,1
92,125,100,50,1,1,1,10000,1,50,0,0,0,0,0,1
93,150,115,100,1,1,1,4502.601,1,100,0,0,0,0,0,0
93,115,100,150,3,1,1,10,1,50,2,80,0,1,5000,1
93,115,100,150,3,1,1,5000,1,20,2,80,0,1,3000,1
93,150,100,115,4,1,1,2000,1,80,2,20,1,1,20,1
93,150,100,115,4,1,1,20,1,15,2,20,0,1,5000,1
94,115,100,100,1,1,1,4875.992,1,100,0,0,0,0,0,0
94,100,100,115,5,1,1,16.362,1,15,4,20,0,1,6000,1
94,100,100,115,5,1,1,6000,1,20,3,60,1,1,20,1
94,115,100,100,3,1,2,2000,1,80,1,20,0,1,2000,1
94,115,100,100,3,1,1,3568.274,1,20,2,80,0,0,0,1
95,185,185,100,1,1,1,9749.996,1,100,0,0,0,0,0,0
95,185,100,185,4,1,1,10,1,30,3,30,0,1,11000,1
95,185,100,185,4,1,1,20,1,115,3,30,0,1,8000.001,1
95,185,100,185,4,1,1,10,1,30,3,30,0,1,11000,1
95,185,100,185,4,1,1,20,1,115,3,30,0,1,8000.001,1
96,35,45,50,1,1,1,650,1,50,0,0,0,0,0,0
96,45,50,35,4,1,1,8,1,5,3,10,0,1,1500,1
96,45,50,35,4,1,1,500,1,20,2,10,1,1,7.5,1
96,35,50,45,2,1,1,1500,1,10,1,35,0,0,0,1
96,35,50,45,2,1,1,7,1,35,1,10,0,1,1000,1
97,97.5,75,120,3,1,1,471,1,20,2,80,0,1,1406.25,0
97,75,120,97.5,3,1,1,942,1,20,2,77.5,0,0,0,0
97,75,120,97.5,3,1,1,4,1,77.5,1,20,1,0,1000,1
97,97.5,120,75,3,1,1,2,1,12.5,2,50,0,1,3134.485,1
97,97.5,120,75,3,1,1,2,1,12.5,2,50,0,1,3134.485,1
98,39.989,50,39.989,5,1,2,0,1,5.5,3,29,0,0,0,0
98,39.989,50,39.989,5,1,2,0,1,5.5,3,29,0,0,0,1
98,39.989,50,39.989,5,1,2,0,1,5.5,3,29,0,0,0,1
98,39.989,39.989,50,1,1,1,1242,1,50,0,0,0,0,0,1
98,39.989,39.989,50,1,1,1,1242,1,50,0,0,0,0,0,1
99,50,43.301,50,1,1,1,1083,1,50,0,0,0,0,0,0
99,43.301,50,50,1,1,1,9,1,50,0,0,0,0,0,0
99,43.301,50,50,1,1,1,9,1,50,0,0,0,0,0,0
99,50,50,43.301,1,1,1,2500,1,43.3,0,0,0,0,0,0
99,50,50,43.301,1,1,1,6,1,43.3,0,0,0,0,0,1
100,50,39.989,39.989,1,1,1,0,1,39.989,0,0,0,0,0,0
100,50,39.989,39.989,1,1,1,0,1,39.989,0,0,0,0,0,0
100,50,39.989,39.989,1,1,1,0,1,39.989,0,0,0,0,0,0
100,39.989,39.989,50,1,1,1,1242,1,50,0,0,0,0,0,0
100,39.989,39.989,50,1,1,1,0,1,50,0,0,0,0,0,1
101,49.635,10,50,4,1,1,121,1,19.43,3,10,0,0,0,0
101,10,49.635,50,4,1,1,121,1,19.43,3,10,0,0,0,0
101,10,49.635,50,4,1,1,121,1,19.43,3,10,0,0,0,0
101,50,49.635,10,1,1,1,1869,1,10,0,0,0,0,0,0
101,50,49.635,10,1,1,1,1869,1,10,0,0,0,0,0,0
102,60.004,40,50,1,1,1,1871,1,50,0,0,0,0,0,0
102,40,50,60.004,1,1,1,68,1,60.004,0,0,0,0,0,0
102,40,50,60.004,1,1,1,68,1,60.004,0,0,0,0,0,0
102,60.004,50,40,1,1,1,114,1,40,0,0,0,0,0,0
102,60.004,50,40,1,1,1,114,1,40,0,0,0,0,0,0
103,49.989,54.813,50,1,1,1,1284,1,50,0,0,0,0,0,0
103,54.813,50,49.989,6,1,1,305,1,10,3,29.98,2,0,1000,0
103,54.813,50,49.989,6,1,1,305,1,10,3,29.98,2,0,1000,0
103,49.989,50,54.813,4,1,1,305,1,10,2,38.58,1,0,500,0
103,49.989,50,54.813,4,1,1,500,1,20,1,10,2,0,10.4,0
104,20,49.993,49.729,1,1,1,1,1,49.72,0,0,0,0,0,0
104,49.729,49.993,20,1,1,1,306,1,20,0,0,0,0,0,1
104,49.729,49.993,20,1,1,1,1944,1,20,0,0,0,0,0,1
104,20,49.993,49.729,1,1,1,1,1,49.72,0,0,0,0,0,1
104,20,49.993,49.729,1,1,1,1,1,49.72,0,0,0,0,0,1
105,50,50,50,1,1,1,36,1,50,0,0,0,0,0,0
105,50,50,50,1,1,1,36,1,50,0,0,0,0,0,1
105,50,50,50,1,1,1,36,1,50,0,0,0,0,0,1
105,50,50,50,1,1,1,36,1,50,0,0,0,0,0,1
105,50,50,50,1,1,1,36,1,50,0,0,0,0,0,1
106,50,50,50,1,1,1,10,1,50,0,0,0,0,0,0
106,50,50,50,1,1,1,10,1,50,0,0,0,0,0,1
106,50,50,50,1,1,1,10,1,50,0,0,0,0,0,1
106,50,50,50,1,1,1,2500,1,50,0,0,0,0,0,1
106,50,50,50,1,1,1,0,1,50,0,0,0,0,0,1
107,96.032,144.016,96.032,1,1,1,139,1,96,0,0,0,0,0,0
107,144.016,96.032,96.032,1,1,1,139,1,96,0,0,0,0,0,1
107,144.016,96.032,96.032,1,1,1,139,1,96,0,0,0,0,0,1
107,96.032,96.032,144.016,1,1,1,213,1,114,0,0,0,0,0,1
107,96.032,96.032,144.016,1,1,1,17,1,114,0,0,0,0,0,1
108,30,45,50,1,1,1,600,1,50,0,0,0,0,0,0
108,50,45,30,5,1,1,5,1,5,4,10,0,1,1750,1
108,50,45,30,5,1,1,10,1,10,3,5,1,1,5,1
108,30,50,45,6,1,1,500,1,15,4,10,1,1,5,1
108,30,50,45,6,1,1,10,1,10,4,10,1,1,5,1
109,30,45,50,1,1,1,600,1,50,0,0,0,0,0,0
109,50,45,30,5,1,1,5,1,5,4,10,0,1,1750,1
109,50,45,30,5,1,1,10,1,10,3,5,1,1,5,1
109,30,50,45,6,1,1,500,1,15,4,10,1,1,5,1
109,30,50,45,6,1,1,10,1,10,4,10,1,1,5,1
110,30,50,50,1,1,1,725,1,50,0,0,0,0,0,0
110,50,50,30,3,1,1,14,1,11,2,8,0,0,0,1
110,50,50,30,3,1,1,14,1,11,2,8,0,0,0,1
110,30,50,50,3,1,1,500,1,35,2,15,0,0,0,1
110,30,50,50,3,1,2,1000,1,15,1,35,0,0,0,1
111,40,30,50,1,1,1,629,1,50,0,0,0,0,0,0
111,40,50,30,2,1,1,7,1,20,1,10,0,0,0,1
111,40,50,30,2,1,1,2000,1,10,1,20,0,0,0,1
111,30,50,40,3,1,1,500,1,30,2,10,0,0,0,1
111,30,50,40,3,1,2,1125,1,10,1,30,0,0,0,1
112,40,30,50,1,1,1,629,1,50,0,0,0,0,0,0
112,40,50,30,2,1,1,7,1,20,1,10,0,0,0,1
112,40,50,30,2,1,1,2000,1,10,1,20,0,0,0,1
112,30,50,40,3,1,1,500,1,30,2,10,0,0,0,1
112,30,50,40,3,1,2,1125,1,10,1,30,0,0,0,1
113,30,40,50,1,1,1,750,1,50,0,0,0,0,0,0
113,40,50,30,2,1,1,750,1,18,1,12,0,1,1250.001,1
113,40,50,30,2,1,1,2000,1,12,1,18,0,0,0,1
113,30,50,40,3,1,1,600,1,12.5,2,15,0,1,900,1
113,30,50,40,3,1,1,600,1,12.5,2,15,0,1,900,1
114,30,40,50,1,1,1,750,1,50,0,0,0,0,0,0
114,40,50,30,2,1,1,750,1,18,1,12,0,1,1250.001,1
114,40,50,30,2,1,1,2000,1,12,1,18,0,0,0,1
114,30,50,40,3,1,1,600,1,12.5,2,15,0,1,900,1
114,30,50,40,3,1,1,600,1,12.5,2,15,0,1,900,1
115,30,50,50,1,1,1,700,1,50,0,0,0,0,0,0
115,50,50,30,3,1,1,500,1,10,2,10,0,1,2000,1
115,50,50,30,3,1,1,500,1,10,2,10,0,1,2000,1
115,30,50,50,5,1,1,500,1,10,4,10,0,2,500,1
115,30,50,50,5,1,1,500,1,10,4,10,0,2,500,1
116,30,50,50,1,1,1,700,1,50,0,0,0,0,0,0
116,50,50,30,3,1,1,500,1,10,2,10,0,1,2000,1
116,50,50,30,3,1,1,500,1,10,2,10,0,1,2000,1
116,30,50,50,5,1,1,500,1,10,4,10,0,2,500,1
116,30,50,50,5,1,1,500,1,10,4,10,0,2,500,1
117,90,64.809,50,1,1,1,2890,1,50,0,0,0,0,0,0
117,64.809,50,90,4,1,1,10,1,61.9,2,23.39,1,0,5.324,1
117,64.809,50,90,4,1,1,17,1,4.71,3,23.39,0,0,0,1
117,90,50,64.809,3,1,1,8,1,39.75,1,24.84,1,0,10.154,1
117,90,50,64.809,3,1,1,314,1,24.84,2,39.75,0,0,0,1
118,90,64.809,50,1,1,1,2890,1,50,0,0,0,0,0,0
118,64.809,50,90,4,1,1,10,1,61.9,2,23.39,1,0,5.324,1
118,64.809,50,90,4,1,1,17,1,4.71,3,23.39,0,0,0,1
118,90,50,64.809,3,1,1,8,1,39.75,1,24.84,1,0,10.154,1
118,90,50,64.809,3,1,1,314,1,24.84,2,39.75,0,0,0,1
119,30,60,50,1,1,1,1074,1,50,0,0,0,0,0,0
119,60,50,30,4,1,1,1616,1,12.32,2,2.68,1,0,5,1
119,60,50,30,4,1,1,1237,1,15,3,2.68,0,1,1616.116,1
119,30,50,60,3,1,1,750,1,42.32,1,17.68,1,0,5,1
119,30,50,60,3,1,1,1237,1,17.68,2,42.32,0,0,0,1
120,50,50,50,1,1,1,1300,1,50,0,0,0,0,0,0
120,50,50,50,3,1,1,1000,1,20,2,15,0,1,1500,1
120,50,50,50,3,1,1,1000,1,20,2,15,0,1,1500,1
120,50,50,50,3,1,1,500,1,15,2,20,0,1,1999.998,1
120,50,50,50,3,1,1,500,1,15,2,20,0,1,1999.998,1
121,53.094,68.335,50,1,1,1,1147,1,50,0,0,0,0,0,0
121,68.335,50,53.094,3,1,1,9,1,32.22,2,20.67,0,0,0,1
121,68.335,50,53.094,3,1,1,9,1,20.67,1,32.22,1,0,8.66,1
121,53.094,50,68.335,3,1,2,1155,1,25.98,1,42.35,0,0,0,1
121,53.094,50,68.335,3,1,1,577,1,42.35,2,25.98,0,0,0,1
